date,ticker,close,adj_close,volume,log_return,source
2026-09-21,AAPL,338.9800109863281,338.9800109863281,34999200,0.008443136576545385,yahoo
2026-09-21,JPM,352.0400085449219,352.0400085449219,6414700,0.006754938805822341,yahoo
2026-09-21,MSFT,501.6099853515625,501.6099853515625,27959900,0.01573282473023241,yahoo
2026-09-21,SPY,773.5,773.5,50484700,0.015386018043600735,yahoo
2026-09-22,AAPL,339.75,339.75,40711800,0.0022689120313863498,yahoo
2026-09-22,JPM,340.0,340.0,11485600,-0.0347992121679912,yahoo
2026-09-22,MSFT,498.0,498.0,21652800,-0.0072228190966390216,yahoo
2026-09-22,SPY,773.3800048828125,773.3800048828125,34802300,-0.0001551447003631523,yahoo
2026-09-23,AAPL,337.0199890136719,337.0199890136719,31658800,-0.008067809857303487,yahoo
2026-09-23,JPM,337.5299987792969,337.5299987792969,7068500,-0.007291225975693649,yahoo
2026-09-23,MSFT,500.5899963378906,500.5899963378906,19445600,0.005187318429145549,yahoo
2026-09-23,SPY,767.8099975585938,767.8099975585938,54931700,-0.007228221785516631,yahoo
2026-09-24,AAPL,335.9200134277344,335.9200134277344,24733100,-0.003269166825000447,yahoo
2026-09-24,JPM,338.55999755859375,338.55999755859375,6934300,0.003046930384217994,yahoo
2026-09-24,MSFT,497.92999267578125,497.92999267578125,16657600,-0.0053279052672747795,yahoo
2026-09-24,SPY,767.1799926757812,767.1799926757812,43983700,-0.0008208586664357753,yahoo
2026-09-25,AAPL,341.07000732421875,341.07000732421875,30002500,0.015214679934413944,yahoo
2026-09-25,JPM,343.05999755859375,343.05999755859375,11460300,0.013204029846389354,yahoo
2026-09-25,MSFT,516.1699829101562,516.1699829101562,38193100,0.03597664529127531,yahoo
2026-09-25,SPY,771.3499755859375,771.3499755859375,36666700,0.005420749946060788,yahoo
2026-09-28,AAPL,338.3999938964844,338.3999938964844,32724700,-0.00785914658768938,yahoo
2026-09-28,JPM,336.5899963378906,336.5899963378906,9790100,-0.019039790283001068,yahoo
2026-09-28,MSFT,509.2200012207031,509.2200012207031,19611600,-0.013555989870956076,yahoo
2026-09-28,SPY,765.6099853515625,765.6099853515625,42296700,-0.007469312235459213,yahoo
